Name,Regular_price,Images,Categories,Description
Julie Damhus - ODA kop med hank (rosa),350,"https://www.1x1textil.dk/wp-content/uploads/2019/05/IMG_1261-scaled.jpg, https://www.1x1textil.dk/wp-content/uploads/2019/05/IMG_3864-scaled.jpg, https://www.1x1textil.dk/wp-content/uploads/2019/05/Kop-Hank04.jpg, https://www.1x1textil.dk/wp-content/uploads/2019/05/Miljoe1-300x300-1.jpg","Produkter > - Alle varer, Kunsthåndværkere > Julie Damhus, Kunsthåndværkere > Julie Damhus > Julie Damhus ODA Kop, Keramik, Keramikkopper, Kunsthåndværkere","Smukke keramik krus håndlavet i stentøj af Julie Damhus.\n\n<span lang=""da"">Hvert krus er designet og håndlavet i Danmark. Farven kan variere fra billedet, da hvert element er unikt.</span>\n\n<span lang=""da"">Mål: H: 7-8 cm., D: 7,5-8,5 cm.</span>\n\nTåler opvaskemaskine\n\nBemærk at prisen er pr. stk.\n\n<strong>Der er meget få krus på lager, men <a href=""https://www.1x1textil.dk/kontakt-os/"" target=""_blank"" rel=""noopener noreferrer"">kontakte butikken</a> og hør hvilke.</strong>\n\nTil hver enkelt ordre bliver kunsthåndværket og keramikken som udgangspunkt særligt udvalgt og sammensat efter Helene Vonsilds ekspertise.\nMen man er selvfølgelig altid velkommen til at <a href=""https://www.1x1textil.dk/kontakt-os/"" target=""_blank"" rel=""noopener noreferrer"">kontakte butikken</a>, hvis man har særlige ønsker, hvor Helene vil være behjælpelig med personlig betjening pr. mail eller telefon."
Julie Damhus - ODA Lysestage,,https://www.1x1textil.dk/wp-content/uploads/2020/05/7d4ed5ce-ec1f-48fe-b595-8d3f01150a4f.jpg,"Produkter > - Alle varer, Kunsthåndværkere > Julie Damhus, Kunsthåndværkere > Julie Damhus > Julie Damhus ODA Lysestager, Keramik, Kunsthåndværkere, Lysestager","Lysestager håndlavet af Julie Damhus.\n\nTil hver enkelt ordre bliver kunsthåndværket og keramikken som udgangspunkt særligt udvalgt og sammensat efter Helene Vonsilds ekspertise.\nMen man er selvfølgelig altid velkommen til at <a href=""https://www.1x1textil.dk/kontakt-os/"" target=""_blank"" rel=""noopener noreferrer"">kontakte butikken</a>, hvis man har særlige ønsker, hvor Helene vil være behjælpelig med personlig betjening pr. mail eller telefon."
Julie Damhus - ODA krus med hank  BLÅ,350,"https://www.1x1textil.dk/wp-content/uploads/2020/05/Kop-Hank01.jpg, https://www.1x1textil.dk/wp-content/uploads/2019/05/IMG_3864-scaled.jpg, https://www.1x1textil.dk/wp-content/uploads/2019/05/Miljoe1-300x300-1.jpg, https://www.1x1textil.dk/wp-content/uploads/2020/05/images.jpeg","Produkter > - Alle varer, Kunsthåndværkere > Julie Damhus, Kunsthåndværkere > Julie Damhus > Julie Damhus ODA Kop, Keramik, Keramikkopper, Kunsthåndværkere","Smukke keramik krus håndlavet i stentøj af Julie Damhus.\n\n<span lang=""da"">Hvert krus er designet og håndlavet i Danmark. Farven kan variere fra billedet, da hvert element er unikt.</span>\n\n<span lang=""da"">Mål: H: 7-8 cm., D: 7,5-8,5 cm.</span>\n\nTåler opvaskemaskine\n\nBemærk at prisen er pr. stk.\n\n<strong>Der er meget få krus på lager, men <a href=""https://www.1x1textil.dk/kontakt-os/"" target=""_blank"" rel=""noopener noreferrer"">kontakte butikken</a> og hør hvilke.</strong>\n\nTil hver enkelt ordre bliver kunsthåndværket og keramikken som udgangspunkt særligt udvalgt og sammensat efter Helene Vonsilds ekspertise.\nMen man er selvfølgelig altid velkommen til at <a href=""https://www.1x1textil.dk/kontakt-os/"" target=""_blank"" rel=""noopener noreferrer"">kontakte butikken</a>, hvis man har særlige ønsker, hvor Helene vil være behjælpelig med personlig betjening pr. mail eller telefon."
Julie Damhus - ODA kop med hank (brun),350,"https://www.1x1textil.dk/wp-content/uploads/2020/05/Kop-Hank02.jpg, https://www.1x1textil.dk/wp-content/uploads/2019/05/Miljoe1-300x300-1.jpg","Produkter > - Alle varer, Kunsthåndværkere > Julie Damhus, Kunsthåndværkere > Julie Damhus > Julie Damhus ODA Kop, Keramik, Keramikkopper, Kunsthåndværkere","Smukke keramik krus håndlavet i stentøj af Julie Damhus.\n\n<span lang=""da"">Hvert krus er designet og håndlavet i Danmark. Farven kan variere fra billedet, da hvert element er unikt.</span>\n\n<span lang=""da"">Mål: H: 7-8 cm., D: 7,5-8,5 cm.</span>\n\nTåler opvaskemaskine\n\nBemærk at prisen er pr. stk.\n\n<strong>Der er meget få krus på lager, men <a href=""https://www.1x1textil.dk/kontakt-os/"" target=""_blank"" rel=""noopener noreferrer"">kontakte butikken</a> og hør hvilke.</strong>\n\nTil hver enkelt ordre bliver kunsthåndværket og keramikken som udgangspunkt særligt udvalgt og sammensat efter Helene Vonsilds ekspertise.\nMen man er selvfølgelig altid velkommen til at <a href=""https://www.1x1textil.dk/kontakt-os/"" target=""_blank"" rel=""noopener noreferrer"">kontakte butikken</a>, hvis man har særlige ønsker, hvor Helene vil være behjælpelig med personlig betjening pr. mail eller telefon."
Julie Damhus - ODA krus med hank - Lilla,350,"https://www.1x1textil.dk/wp-content/uploads/2020/05/images.jpeg, https://www.1x1textil.dk/wp-content/uploads/2019/05/IMG_3864-scaled.jpg, https://www.1x1textil.dk/wp-content/uploads/2019/05/Miljoe1-300x300-1.jpg","Produkter > - Alle varer, Kunsthåndværkere > Julie Damhus, Kunsthåndværkere > Julie Damhus > Julie Damhus ODA Kop, Keramik, Keramikkopper, Kunsthåndværkere","Smukke keramik krus håndlavet i stentøj af Julie Damhus.\n\n<span lang=""da"">Hvert krus er designet og håndlavet i Danmark. Farven kan variere fra billedet, da hvert element er unikt.</span>\n\n<span lang=""da"">Mål: H: 7-8 cm., D: 7,5-8,5 cm.</span>\n\nTåler opvaskemaskine\n\nBemærk at prisen er pr. stk.\n\n<strong>Der er meget få krus på lager, men <a href=""https://www.1x1textil.dk/kontakt-os/"" target=""_blank"" rel=""noopener noreferrer"">kontakte butikken</a> og hør hvilke.</strong>\n\nTil hver enkelt ordre bliver kunsthåndværket og keramikken som udgangspunkt særligt udvalgt og sammensat efter Helene Vonsilds ekspertise.\nMen man er selvfølgelig altid velkommen til at <a href=""https://www.1x1textil.dk/kontakt-os/"" target=""_blank"" rel=""noopener noreferrer"">kontakte butikken</a>, hvis man har særlige ønsker, hvor Helene vil være behjælpelig med personlig betjening pr. mail eller telefon."
Julie Damhus - ODA kop med hank (mint),350,"https://www.1x1textil.dk/wp-content/uploads/2020/05/Kop-Hank03.jpg, https://www.1x1textil.dk/wp-content/uploads/2019/05/Miljoe1-300x300-1.jpg","Produkter > - Alle varer, Kunsthåndværkere > Julie Damhus, Kunsthåndværkere > Julie Damhus > Julie Damhus ODA Kop, Keramik, Keramikkopper, Kunsthåndværkere","Smukke keramik krus håndlavet i stentøj af Julie Damhus.\n\n<span lang=""da"">Hvert krus er designet og håndlavet i Danmark. Farven kan variere fra billedet, da hvert element er unikt.</span>\n\n<span lang=""da"">Mål: H: 7-8 cm., D: 7,5-8,5 cm.</span>\n\nTåler opvaskemaskine\n\nBemærk at prisen er pr. stk.\n\n<strong>Der er meget få krus på lager, men <a href=""https://www.1x1textil.dk/kontakt-os/"" target=""_blank"" rel=""noopener noreferrer"">kontakte butikken</a> og hør hvilke.</strong>\n\nTil hver enkelt ordre bliver kunsthåndværket og keramikken som udgangspunkt særligt udvalgt og sammensat efter Helene Vonsilds ekspertise.\nMen man er selvfølgelig altid velkommen til at <a href=""https://www.1x1textil.dk/kontakt-os/"" target=""_blank"" rel=""noopener noreferrer"">kontakte butikken</a>, hvis man har særlige ønsker, hvor Helene vil være behjælpelig med personlig betjening pr. mail eller telefon."
Julie Damhus - TOTO kop (brun),225,"https://www.1x1textil.dk/wp-content/uploads/2020/10/Julie_Damhus_Toto_Kop_Brun_1.jpg, https://www.1x1textil.dk/wp-content/uploads/2020/10/FK_Julie_Damhus_Kop.jpg, https://www.1x1textil.dk/wp-content/uploads/2020/10/CD418F1E-6310-4535-BF3C-6BCABE59104D.jpeg, https://www.1x1textil.dk/wp-content/uploads/2020/10/Julie_Damhus_Toto_Brun.jpg, https://www.1x1textil.dk/wp-content/uploads/2020/10/Julie_Damhus_Toto_Kop_Brun_2.jpg, https://www.1x1textil.dk/wp-content/uploads/2020/10/Julie_Damhus_Toto_Kop_Brun_20.jpg","Produkter > - Alle varer, Kunsthåndværkere > Julie Damhus, Kunsthåndværkere > Julie Damhus > Julie Damhus TOTO Kop, Keramik, Keramikkopper, Kunsthåndværkere","<span lang=""da"">Toto serien er lavet med stor kærlighed til keramik og funktionalitet, og du kan nemt blande den med Oda-samlingen. Hver vare er dansk design og fremstillet på et værksted i Polen. Med sit minimalistiske design og smukt varierende glasur har koppen et helt unikt udtryk.\nKoppen er med sin hank til dig der foretrækker funktionalitet eller har følsomme hænder. Bunden af koppen er formet så den nemt kan stables.Farven kan variere fra billedet. Fotos er kun vejledende, da hvert element er unikt.</span>\n\nMateriale: stentøj.\nHøjde 8 cm. / Diameteren 8,5 cm.\n\nTåler opvaskemaskine.\n\nBemærk at prisen er pr. stk.\n\nTil hver enkelt ordre bliver kunsthåndværket og keramikken som udgangspunkt særligt udvalgt og sammensat efter Helene Vonsilds ekspertise.\nMen man er selvfølgelig altid velkommen til at <a href=""https://www.1x1textil.dk/kontakt-os/"" target=""_blank"" rel=""noopener noreferrer"">kontakte butikken</a>, hvis man har særlige ønsker, hvor Helene vil være behjælpelig med personlig betjening pr. mail eller telefon."
Julie Damhus - TOTO kop (lyserød),225,"https://www.1x1textil.dk/wp-content/uploads/2020/10/Julie_Damhus_Toto_Kop_Rosa_1.jpg, https://www.1x1textil.dk/wp-content/uploads/2020/10/CD418F1E-6310-4535-BF3C-6BCABE59104D.jpeg, https://www.1x1textil.dk/wp-content/uploads/2020/10/FK_Julie_Damhus_Kop.jpg, https://www.1x1textil.dk/wp-content/uploads/2020/10/Julie_Damhus_Toto_Brun.jpg, https://www.1x1textil.dk/wp-content/uploads/2020/10/Julie_Damhus_Toto_Kop_Rosa_20.jpg, https://www.1x1textil.dk/wp-content/uploads/2020/10/Julie_Damhus_Toto_Kop_Rosa_21.jpg","Produkter > - Alle varer, Kunsthåndværkere > Julie Damhus, Kunsthåndværkere > Julie Damhus > Julie Damhus TOTO Kop, Keramik, Keramikkopper, Kunsthåndværkere","Toto serien er lavet med stor kærlighed til keramik og funktionalitet, og du kan nemt blande den med Oda-samlingen. Hver vare er dansk design og fremstillet på et værksted i Polen. Med sit minimalistiske design og smukt varierende glasur har koppen et helt unikt udtryk.\nKoppen er med sin hank til dig der foretrækker funktionalitet eller har følsomme hænder. Bunden af koppen er formet så den nemt kan stables.Farven kan variere fra billedet. Fotos er kun vejledende, da hvert element er unikt.\n\nMateriale: stentøj.\nHøjde 8 cm. / Diameteren 8,5 cm.\n\nTåler opvaskemaskine.\n\nBemærk at prisen er pr. stk.\n\nTil hver enkelt ordre bliver kunsthåndværket og keramikken som udgangspunkt særligt udvalgt og sammensat efter Helene Vonsilds ekspertise.\nMen man er selvfølgelig altid velkommen til at kontakte butikken, hvis man har særlige ønsker, hvor Helene vil være behjælpelig med personlig betjening pr. mail eller telefon."
Julie Damhus - TOTO kop (mint),225,"https://www.1x1textil.dk/wp-content/uploads/2020/10/Julie_Damhus_Toto_Kop_Mint_1.jpg, https://www.1x1textil.dk/wp-content/uploads/2020/10/FK_Julie_Damhus_Kop.jpg, https://www.1x1textil.dk/wp-content/uploads/2020/10/CD418F1E-6310-4535-BF3C-6BCABE59104D.jpeg, https://www.1x1textil.dk/wp-content/uploads/2020/10/Julie_Damhus_Kopper_Mint_20.jpg, https://www.1x1textil.dk/wp-content/uploads/2020/10/Julie_Damhus_Toto_Kop_Mint_21.jpg, https://www.1x1textil.dk/wp-content/uploads/2020/10/Julie_Damhus_Toto_Kop_Rosa_21.jpg","Produkter > - Alle varer, Kunsthåndværkere > Julie Damhus, Kunsthåndværkere > Julie Damhus > Julie Damhus TOTO Kop, Keramik, Keramikkopper, Kunsthåndværkere","Toto serien er lavet med stor kærlighed til keramik og funktionalitet, og du kan nemt blande den med Oda-samlingen. Hver vare er dansk design og fremstillet på et værksted i Polen. Med sit minimalistiske design og smukt varierende glasur har koppen et helt unikt udtryk.\nKoppen er med sin hank til dig der foretrækker funktionalitet eller har følsomme hænder. Bunden af koppen er formet så den nemt kan stables.Farven kan variere fra billedet. Fotos er kun vejledende, da hvert element er unikt.\n\nMateriale: stentøj.\nHøjde 8 cm. / Diameteren 8,5 cm.\n\nTåler opvaskemaskine.\n\nBemærk at prisen er pr. stk.\n\nTil hver enkelt ordre bliver kunsthåndværket og keramikken som udgangspunkt særligt udvalgt og sammensat efter Helene Vonsilds ekspertise.\nMen man er selvfølgelig altid velkommen til at kontakte butikken, hvis man har særlige ønsker, hvor Helene vil være behjælpelig med personlig betjening pr. mail eller telefon."
Julie Damhus - TOTO cup - Blue,225,"https://www.1x1textil.dk/wp-content/uploads/2020/10/Julie_Damhus_Toto_Kop_Blaa_1.jpg, https://www.1x1textil.dk/wp-content/uploads/2020/10/Julie_Damhus_Toto_Kollektionen_7.jpg, https://www.1x1textil.dk/wp-content/uploads/2020/10/Julie_Damhus_Toto_Kop_Blaa_2.jpg, https://www.1x1textil.dk/wp-content/uploads/2020/10/Julie_Damhus_Toto_Kop_Blaa_6.jpg","Produkter > - Alle varer, Kunsthåndværkere > Julie Damhus, Kunsthåndværkere > Julie Damhus > Julie Damhus TOTO Kop, Keramik, Keramikkopper, Kunsthåndværkere","Toto serien er lavet med stor kærlighed til keramik og funktionalitet, og du kan nemt blande den med Oda-samlingen. Hver vare er dansk design og fremstillet på et værksted i Polen. Med sit minimalistiske design og smukt varierende glasur har koppen et helt unikt udtryk.\nKoppen er med sin hank til dig der foretrækker funktionalitet eller har følsomme hænder. Bunden af koppen er formet så den nemt kan stables.Farven kan variere fra billedet. Fotos er kun vejledende, da hvert element er unikt.\n\nMateriale: stentøj.\nHøjde 8 cm. / Diameteren 8,5 cm.\n\nTåler opvaskemaskine.\n\nBemærk at prisen er pr. stk.\n\nTil hver enkelt ordre bliver kunsthåndværket og keramikken som udgangspunkt særligt udvalgt og sammensat efter Helene Vonsilds ekspertise.\nMen man er selvfølgelig altid velkommen til at kontakte butikken, hvis man har særlige ønsker, hvor Helene vil være behjælpelig med personlig betjening pr. mail eller telefon."
"Julie Damhus - Oda kop - Mini, rosa",250,"https://www.1x1textil.dk/wp-content/uploads/2020/10/2A6CEDA1-71F3-4528-BC6D-E14AC69745D5-40FCF6D3-A26E-4E9F-A6CF-B6D89852E625-scaled.jpg, https://www.1x1textil.dk/wp-content/uploads/2020/10/C87BFDC9-96DB-4616-901C-10CEA8DB30E2-13423ADD-16C6-4AD1-9F49-AF890BCE0121-scaled.jpg, https://www.1x1textil.dk/wp-content/uploads/2020/10/3B30D1D2-C893-42FE-A040-2757BDF91B53-AAA59EF5-E91F-493F-AE9B-1EABE047F6D4-1-scaled.jpg, https://www.1x1textil.dk/wp-content/uploads/2020/10/2BCD7105-6721-4368-AC84-9C27CD538311-615DA8E0-2064-40C3-AF93-C2F28E524CC9-scaled.jpg","Produkter > - Alle varer, Kunsthåndværkere > Julie Damhus, Kunsthåndværkere > Julie Damhus > Julie Damhus ODA Kop, Keramik, Keramikkopper, Kunsthåndværkere","<p class=""p1"">Julie Damhus Oda mini kop.</p>\n<p class=""p1"">Koppen er i første omgang tænkt som en espresso kop, da vi har fået mange forespørgsler på en sådan med hank. Derfor har vi skaleret den populære Oda kop ned til en dertil passende størrelse.</p>\n<p class=""p1"">Yderligere er det den perfekte børnekop som matcher mor og fars kaffekopper.</p>\n<p class=""p1"">Kopperne kommer i alle 5 kendte Julie Damhus farver; rosa, mint, brun, blå og lilla.</p>\nTåler opvaskemaskine.\n\nBemærk at prisen er pr. stk.\n\nTil hver enkelt ordre bliver kunsthåndværket og keramikken som udgangspunkt særligt udvalgt og sammensat efter Helene Vonsilds ekspertise.\nMen man er selvfølgelig altid velkommen til at <a href=""https://www.1x1textil.dk/kontakt-os/"" target=""_blank"" rel=""noopener noreferrer"">kontakte butikken</a>, hvis man har særlige ønsker, hvor Helene vil være behjælpelig med personlig betjening pr. mail eller telefon."
"Julie Damhus - Oda kop - Mini, mint",250,"https://www.1x1textil.dk/wp-content/uploads/2020/10/C87BFDC9-96DB-4616-901C-10CEA8DB30E2-13423ADD-16C6-4AD1-9F49-AF890BCE0121-scaled.jpg, https://www.1x1textil.dk/wp-content/uploads/2020/10/3B30D1D2-C893-42FE-A040-2757BDF91B53-AAA59EF5-E91F-493F-AE9B-1EABE047F6D4-1-scaled.jpg, https://www.1x1textil.dk/wp-content/uploads/2020/10/2BCD7105-6721-4368-AC84-9C27CD538311-615DA8E0-2064-40C3-AF93-C2F28E524CC9-scaled.jpg, https://www.1x1textil.dk/wp-content/uploads/2020/10/2A6CEDA1-71F3-4528-BC6D-E14AC69745D5-40FCF6D3-A26E-4E9F-A6CF-B6D89852E625-scaled.jpg","Produkter > - Alle varer, Kunsthåndværkere > Julie Damhus, Kunsthåndværkere > Julie Damhus > Julie Damhus ODA Kop, Keramik, Keramikkopper, Kunsthåndværkere","<p class=""p1"">Julie Damhus Oda mini kop.</p>\n<p class=""p1"">Koppen er i første omgang tænkt som en espresso kop, da vi har fået mange forespørgsler på en sådan med hank. Derfor har vi skaleret den populære Oda kop ned til en dertil passende størrelse.</p>\n<p class=""p1"">Yderligere er det den perfekte børnekop som matcher mor og fars kaffekopper.</p>\n<p class=""p1"">Kopperne kommer i alle 5 kendte Julie Damhus farver; rosa, mint, brun, blå og lilla.</p>\nTåler opvaskemaskine.\n\nBemærk at prisen er pr. stk.\n\nTil hver enkelt ordre bliver kunsthåndværket og keramikken som udgangspunkt særligt udvalgt og sammensat efter Helene Vonsilds ekspertise.\nMen man er selvfølgelig altid velkommen til at <a href=""https://www.1x1textil.dk/kontakt-os/"" target=""_blank"" rel=""noopener noreferrer"">kontakte butikken</a>, hvis man har særlige ønsker, hvor Helene vil være behjælpelig med personlig betjening pr. mail eller telefon."
"Julie Damhus - Oda kop - Mini, blå",250,"https://www.1x1textil.dk/wp-content/uploads/2020/10/3B30D1D2-C893-42FE-A040-2757BDF91B53-AAA59EF5-E91F-493F-AE9B-1EABE047F6D4-1-scaled.jpg, https://www.1x1textil.dk/wp-content/uploads/2020/10/3B30D1D2-C893-42FE-A040-2757BDF91B53-AAA59EF5-E91F-493F-AE9B-1EABE047F6D4-1-scaled.jpg, https://www.1x1textil.dk/wp-content/uploads/2020/10/2BCD7105-6721-4368-AC84-9C27CD538311-615DA8E0-2064-40C3-AF93-C2F28E524CC9-scaled.jpg, https://www.1x1textil.dk/wp-content/uploads/2020/10/2A6CEDA1-71F3-4528-BC6D-E14AC69745D5-40FCF6D3-A26E-4E9F-A6CF-B6D89852E625-scaled.jpg","Produkter > - Alle varer, Kunsthåndværkere > Julie Damhus, Kunsthåndværkere > Julie Damhus > Julie Damhus ODA Kop, Keramikkopper, Kunsthåndværkere","<p class=""p1"">Julie Damhus Oda mini kop.</p>\n<p class=""p1"">Koppen er i første omgang tænkt som en espresso kop, da vi har fået mange forespørgsler på en sådan med hank. Derfor har vi skaleret den populære Oda kop ned til en dertil passende størrelse.</p>\n<p class=""p1"">Yderligere er det den perfekte børnekop som matcher mor og fars kaffekopper.</p>\n<p class=""p1"">Kopperne kommer i alle 5 kendte Julie Damhus farver; rosa, mint, brun, blå og lilla.</p>\nTåler opvaskemaskine.\n\nBemærk at prisen er pr. stk.\n\nTil hver enkelt ordre bliver kunsthåndværket og keramikken som udgangspunkt særligt udvalgt og sammensat efter Helene Vonsilds ekspertise.\nMen man er selvfølgelig altid velkommen til at <a href=""https://www.1x1textil.dk/kontakt-os/"" target=""_blank"" rel=""noopener noreferrer"">kontakte butikken</a>, hvis man har særlige ønsker, hvor Helene vil være behjælpelig med personlig betjening pr. mail eller telefon."
"Julie Damhus - Oda kop - Mini, brun",250,"https://www.1x1textil.dk/wp-content/uploads/2020/10/3B30D1D2-C893-42FE-A040-2757BDF91B53-AAA59EF5-E91F-493F-AE9B-1EABE047F6D4-1-scaled.jpg, https://www.1x1textil.dk/wp-content/uploads/2020/10/3B30D1D2-C893-42FE-A040-2757BDF91B53-AAA59EF5-E91F-493F-AE9B-1EABE047F6D4-1-scaled.jpg, https://www.1x1textil.dk/wp-content/uploads/2020/10/2BCD7105-6721-4368-AC84-9C27CD538311-615DA8E0-2064-40C3-AF93-C2F28E524CC9-scaled.jpg, https://www.1x1textil.dk/wp-content/uploads/2020/10/2A6CEDA1-71F3-4528-BC6D-E14AC69745D5-40FCF6D3-A26E-4E9F-A6CF-B6D89852E625-scaled.jpg","Produkter > - Alle varer, Kunsthåndværkere > Julie Damhus, Kunsthåndværkere > Julie Damhus > Julie Damhus ODA Kop, Keramik, Keramikkopper, Kunsthåndværkere","<p class=""p1"">Julie Damhus Oda mini kop.</p>\n<p class=""p1"">Koppen er i første omgang tænkt som en espresso kop, da vi har fået mange forespørgsler på en sådan med hank. Derfor har vi skaleret den populære Oda kop ned til en dertil passende størrelse.</p>\n<p class=""p1"">Yderligere er det den perfekte børnekop som matcher mor og fars kaffekopper.</p>\n<p class=""p1"">Kopperne kommer i alle 5 kendte Julie Damhus farver; rosa, mint, brun, blå og lilla.</p>\nTåler opvaskemaskine.\n\nBemærk at prisen er pr. stk.\n\nTil hver enkelt ordre bliver kunsthåndværket og keramikken som udgangspunkt særligt udvalgt og sammensat efter Helene Vonsilds ekspertise.\nMen man er selvfølgelig altid velkommen til at <a href=""https://www.1x1textil.dk/kontakt-os/"" target=""_blank"" rel=""noopener noreferrer"">kontakte butikken</a>, hvis man har særlige ønsker, hvor Helene vil være behjælpelig med personlig betjening pr. mail eller telefon."
Julie Damhus - Juletræ lille - diverse farver,150,"https://www.1x1textil.dk/wp-content/uploads/2020/12/Damhus-juletrae-3.jpg, https://www.1x1textil.dk/wp-content/uploads/2020/12/Damhus-juletrae.png, https://www.1x1textil.dk/wp-content/uploads/2020/12/Damhus-juletrae-2.png, https://www.1x1textil.dk/wp-content/uploads/2020/12/damhus-juletrae-4.jpg, https://www.1x1textil.dk/wp-content/uploads/2020/12/damhus-juletrae-5.jpg","Produkter > - Alle varer, Flag og figurer, Produkter > Jule- og påskepynt, Julepynt, Kunsthåndværkere > Julie Damhus, Kunsthåndværkere > Julie Damhus > Julie Damhus Jul, Kunsthåndværkere","<strong>Julie</strong> er uddannet Industriel Designer fra Designskolen i Kolding i 2014. Hun har lært alt om keramik af Lars Kãhler, som har været hendes læremester. I starten af 2017 startede hun Julie Damhus Handmade, hvor hun arbejder med hånddrejet keramik. Hendes flotte keramik er i matte farver og med rene linjer. Glasurenes forskellige udtryk gør hendes produkter unikke.\n\nEnkelhed gør formen mere stærk og farverne får lov til at fylde fladerne ud. Derudover er det vigtigt at lade nogle flader være uglaseret, så man får en fornemmelse for materialet.\n\nSkriv i kommentaren, hvilken farve du ønsker eller kontakt os på 70 20 10 42 eller 1x1@1x1textil.dk for billeder eller andre spørgsmål."
Julie Damhus - Oda smykkeskrin - Stor kun lyserød,650,"https://www.1x1textil.dk/wp-content/uploads/2020/12/img_3064-1-scaled.jpeg, https://www.1x1textil.dk/wp-content/uploads/2020/12/img_3065-scaled.jpeg","Produkter > - Alle varer, Interiør, Kunsthåndværkere > Julie Damhus, Keramik, Interiør > Keramik, Kunsthåndværkere, Lågkrukker","<strong>Smykkeskrin eller Lågkrukke 15 x5</strong>\n\n<strong> 4 cm fra Julie Damhus, som er lavet til at opbevare smykker og/eller andre små skatte.\nLågkrukkerne kan stables smukt. De er designet og håndlavet i Danmark og er enestående. Farven kan variere fra billedet, da hver krukke er unik. Krukkerne kommer Julie Damhus farver; rosa, Stor kun lyserød</strong>\n\n<strong>Til hver enkelt ordre bliver kunsthåndværket og keramikken som udgangspunkt særligt udvalgt og sammensat efter Helene Vonsilds ekspertise.\nMen man er selvfølgelig altid velkommen til at&nbsp;kontakte butikken, hvis man har særlige ønsker, hvor Helene vil være behjælpelig med personlig betjening pr. mail eller telefon.</strong>"
Julie Damhus Oda smykkeskrin - Medium multiple colors,,"https://www.1x1textil.dk/wp-content/uploads/2020/12/img_3060-1-scaled.jpeg, https://www.1x1textil.dk/wp-content/uploads/2020/12/img_3062-1-scaled.jpeg, https://www.1x1textil.dk/wp-content/uploads/2020/12/img_3059-1-scaled.jpeg, https://www.1x1textil.dk/wp-content/uploads/2020/12/Skaermbillede-2020-12-22-kl.-10.08.02.png, https://www.1x1textil.dk/wp-content/uploads/2020/12/Skaermbillede-2020-12-22-kl.-10.07.17.png","Produkter > - Alle varer, Interiør, Kunsthåndværkere > Julie Damhus, Kunsthåndværkere > Julie Damhus > Julie Damhus ODA Skåle, Keramik, Interiør > Keramik, Kunsthåndværkere, Lågkrukker","Lågkrukke fra Julie Damhus, som er lavet til at opbevare smykker og/eller andre små skatte.\nLågkrukkerne fås i 4 størrelser og kan stables smukt. De er designet og håndlavet i Danmark og er enestående. Farven kan variere fra billedet, da hver krukke er unik. Krukkerne kommer i alle 4 kendte Julie Damhus farver; rosa, mint, brun, lilla og blå.\n\nSkriv i kommentaren hvilken farve du foretrækker eller kontakt butikken og få tilsendt billeder af udvalget.\n\nBemærk at prisen er pr. stk.\n\nTil hver enkelt ordre bliver kunsthåndværket og keramikken som udgangspunkt særligt udvalgt og sammensat efter Helene Vonsilds ekspertise.\nMen man er selvfølgelig altid velkommen til at kontakte butikken, hvis man har særlige ønsker, hvor Helene vil være behjælpelig med personlig betjening pr. mail eller telefon."
Julie Damhus – TOTO kop - Lilla,225,"https://www.1x1textil.dk/wp-content/uploads/2021/03/Julie_Damhus_Toto_Kop_Lilla_1_Final.jpg.jpg, https://www.1x1textil.dk/wp-content/uploads/2021/03/Julie_Damhus_Toto_Kopper_3-1.jpg, https://www.1x1textil.dk/wp-content/uploads/2021/03/Julie_Damhus_Toto_Kollektionen_6-1.jpg, https://www.1x1textil.dk/wp-content/uploads/2020/10/Julie_Damhus_Toto_Kollektionen_7.jpg, https://www.1x1textil.dk/wp-content/uploads/2020/10/Julie_Damhus_Toto_Kop_Rosa_21.jpg","Produkter > - Alle varer, Kunsthåndværkere > Julie Damhus, Kunsthåndværkere > Julie Damhus > Julie Damhus TOTO Kop, Keramik, Keramikkopper, Kunsthåndværkere","<div class=""et_pb_module et_pb_text et_pb_text_0_tb_body et_pb_text_align_left et_pb_bg_layout_light"">\n<div class=""et_pb_text_inner"">\n<div class=""woocommerce et-dynamic-content-woo et-dynamic-content-woo--product_description"">\n<div class=""et_pb_module et_pb_text et_pb_text_0_tb_body et_pb_text_align_left et_pb_bg_layout_light"">\n<div class=""et_pb_text_inner"">\n<div class=""woocommerce et-dynamic-content-woo et-dynamic-content-woo--product_description"">\n\nToto serien er lavet med stor kærlighed til keramik og funktionalitet, og du kan nemt blande den med Oda-samlingen. Hver vare er dansk design og fremstillet på et værksted i Polen. Med sit minimalistiske design og smukt varierende glasur har koppen et helt unikt udtryk.\nKoppen er med sin hank til dig der foretrækker funktionalitet eller har følsomme hænder. Bunden af koppen er formet så den nemt kan stables.Farven kan variere fra billedet. Fotos er kun vejledende, da hvert element er unikt.\n\nMateriale: stentøj.\nHøjde 8 cm. / Diameteren 8,5 cm.\n\nTåler opvaskemaskine.\n\nBemærk at prisen er pr. stk.\n\nTil hver enkelt ordre bliver kunsthåndværket og keramikken som udgangspunkt særligt udvalgt og sammensat efter Helene Vonsilds ekspertise.\nMen man er selvfølgelig altid velkommen til at kontakte butikken, hvis man har særlige ønsker, hvor Helene vil være behjælpelig med personlig betjening pr. mail eller telefon.\n\n</div>\n</div>\n</div>\n</div>\n</div>\n</div>"
"Julie Damhus - TOTO skål - Stor, lilla",399,"https://www.1x1textil.dk/wp-content/uploads/2021/03/Julie_Damhus_Toto_Skaal_Stor_Lilla_1.jpg, https://www.1x1textil.dk/wp-content/uploads/2021/03/Julie_Damhus_Toto_Skaal_Medium_Stor_20-4.jpg, https://www.1x1textil.dk/wp-content/uploads/2021/03/Julie_Damhus_Toto_Skaal_Stor_Lilla_2.jpg","Produkter > - Alle varer, Kunsthåndværkere > Julie Damhus, Kunsthåndværkere > Julie Damhus > Julie Damhus TOTO Skåle, Keramik, Kunsthåndværkere, Skåle","Toto serien er lavet med stor kærlighed til keramik og funktionalitet, og du kan nemt blande den med Oda-samlingen. Hver vare er dansk design og fremstillet på et værksted i Polen.\nFarven kan variere fra billedet. Fotos er kun vejledende, da hvert element er unikt.\n\nMed sin minimalistiske silhuet og varierende glasur, har skålene et smukt og unikt udtryk. Den fine skål har den perfekte størrelse til snacks, salater og mindre retter. Den karakteristiske bund på Toto skålene gør at de let kan stables.\n<div class=""et_pb_module et_pb_text et_pb_text_0_tb_body et_pb_text_align_left et_pb_bg_layout_light"">\n<div class=""et_pb_text_inner"">\n<div class=""woocommerce et-dynamic-content-woo et-dynamic-content-woo--product_description"">\n<div class=""et_pb_module et_pb_text et_pb_text_0_tb_body et_pb_text_align_left et_pb_bg_layout_light"">\n<div class=""et_pb_text_inner"">\n<div class=""woocommerce et-dynamic-content-woo et-dynamic-content-woo--product_description"">\n<div class=""et_pb_module et_pb_text et_pb_text_0_tb_body et_pb_text_align_left et_pb_bg_layout_light"">\n<div class=""et_pb_text_inner"">\n<div class=""woocommerce et-dynamic-content-woo et-dynamic-content-woo--product_description"">\n\nMateriale: stentøj.\nHøjde 5,5 cm. / Diameteren 17 cm.\n\nTåler opvaskemaskine.\n\n</div>\n</div>\n</div>\n</div>\n</div>\n</div>\n</div>\n</div>\n</div>\nBemærk at prisen er pr. stk.\n\nTil hver enkelt ordre bliver kunsthåndværket og keramikken som udgangspunkt særligt udvalgt og sammensat efter Helene Vonsilds ekspertise.\nMen man er selvfølgelig altid velkommen til at <a href=""https://www.1x1textil.dk/kontakt-os/"" target=""_blank"" rel=""noopener noreferrer"">kontakte butikken</a>, hvis man har særlige ønsker, hvor Helene vil være behjælpelig med personlig betjening pr. mail eller telefon."
Julie Damhus - TOTO tallerken mellem (lilla),275,"https://www.1x1textil.dk/wp-content/uploads/2021/03/Julie_Damhus_Toto_Tallerken_Lilla_1.jpg, https://www.1x1textil.dk/wp-content/uploads/2021/03/Julie_Damhus_Toto_Tallerken_Lilla_2.jpg, https://www.1x1textil.dk/wp-content/uploads/2020/10/Julie_Damhus_Toto_Kop_Rosa_21.jpg, https://www.1x1textil.dk/wp-content/uploads/2020/10/Julie_Damhus_Toto_Kollektionen_7.jpg","Produkter > - Alle varer, Kunsthåndværkere > Julie Damhus, Kunsthåndværkere > Julie Damhus > Julie Damhus TOTO Tallerken, Keramik, Kunsthåndværkere, Tallerkener","<div class=""et_pb_module et_pb_wc_description et_pb_wc_description_0_tb_body et_pb_bg_layout_light et_pb_text_align_left"">\n<div class=""et_pb_module_inner"">\n\nToto serien er lavet med stor kærlighed til keramik og funktionalitet, og du kan nemt blande den med Oda-samlingen. Hver vare er dansk design og fremstillet på et værksted i Polen. Med sit minimalistiske design og smukt varierende glasur har koppen et helt unikt udtryk.\nFarven kan variere fra billedet. Fotos er kun vejledende, da hvert element er unikt.\n\nMed sin smukke minimalistiske silhuet, har tallerknen et fint æstetisk udtryk. Toto tallerknen har den perfekte størrelse til hovedretten eller som serveringsfad. Tallerkenerne er lavet så de er gode at stable.\n<div class=""et_pb_module et_pb_text et_pb_text_0_tb_body et_pb_text_align_left et_pb_bg_layout_light"">\n<div class=""et_pb_text_inner"">\n<div class=""woocommerce et-dynamic-content-woo et-dynamic-content-woo--product_description"">\n<div class=""et_pb_module et_pb_text et_pb_text_0_tb_body et_pb_text_align_left et_pb_bg_layout_light"">\n<div class=""et_pb_text_inner"">\n<div class=""woocommerce et-dynamic-content-woo et-dynamic-content-woo--product_description"">\n<div class=""et_pb_module et_pb_text et_pb_text_0_tb_body et_pb_text_align_left et_pb_bg_layout_light"">\n<div class=""et_pb_text_inner"">\n<div class=""woocommerce et-dynamic-content-woo et-dynamic-content-woo--product_description"">\n\nMateriale: stentøj.\nHøjde 2 cm. / Diameteren 21,5 cm.\n\nTåler opvaskemaskine.\n\n</div>\n</div>\n</div>\n</div>\n</div>\n</div>\n</div>\n</div>\n</div>\nBemærk at prisen er pr. stk.\n\nTil hver enkelt ordre bliver kunsthåndværket og keramikken som udgangspunkt særligt udvalgt og sammensat efter Helene Vonsilds ekspertise.\nMen man er selvfølgelig altid velkommen til at <a href=""https://www.1x1textil.dk/kontakt-os/"" target=""_blank"" rel=""noopener noreferrer"">kontakte butikken</a>, hvis man har særlige ønsker, hvor Helene vil være behjælpelig med personlig betjening pr. mail eller telefon.\n\n</div>\n</div>"
"Julie Damhus - The Garden Vase (medium, mint)",500,https://www.1x1textil.dk/wp-content/uploads/2021/05/IMG_6157.jpg,"Produkter > - Alle varer, Kunsthåndværkere > Julie Damhus, Kunsthåndværkere > Julie Damhus > Julie Damhus ODA Vaser, Keramik, Keramikvaser, Kunsthåndværkere","Denne smukke The Garden Vase af Julie Damhus giver dig muligheden for på fineste vis, at dekorere dit hjem med smukke blomster. Vasen er lavet med henblik på de mange smukke buketter man kan hente ind fra haven. Med sit enkle og elegante design, er vasen perfekt til en farverig buket blomster. Vaserne fuldender enhver bordopdækning på smukkeste vis.\n\n<span class=""JLqJ4b ChMk0b"" data-language-for-alternatives=""da"" data-language-to-translate-into=""en"" data-phrase-index=""0"">Farve: Mint</span>\n\n<span class=""JLqJ4b ChMk0b"" data-language-for-alternatives=""da"" data-language-to-translate-into=""en"" data-phrase-index=""2"">Størrelse: H16cm D7-7,5 cm i toppen</span>\n\n<span class=""JLqJ4b ChMk0b"" data-language-for-alternatives=""da"" data-language-to-translate-into=""en"" data-phrase-index=""4"">Materiale: Stentøj</span>\n\nHvert produkt i Oda kollektionen fra Julie Damhus er designet og håndlavet i Danmark. Produkterne er håndglaserede og derfor alle unikke, hvilket gør, at billederne kun er vejledende.\n\nVenligst bemærk at billederne er vejledende."
"Julie Damhus - The Garden Vase (medium, lyserød)",500,https://www.1x1textil.dk/wp-content/uploads/2021/05/IMG_6154.jpg,"Produkter > - Alle varer, Kunsthåndværkere > Julie Damhus, Kunsthåndværkere > Julie Damhus > Julie Damhus ODA Vaser, Keramik, Keramikvaser, Kunsthåndværkere","Denne smukke The Garden Vase af Julie Damhus giver dig muligheden for på fineste vis, at dekorere dit hjem med smukke blomster. Vasen er lavet med henblik på de mange smukke buketter man kan hente ind fra haven. Med sit enkle og elegante design, er vasen perfekt til en farverig buket blomster. Vaserne fuldender enhver bordopdækning på smukkeste vis.\n\n<span class=""JLqJ4b ChMk0b"" data-language-for-alternatives=""da"" data-language-to-translate-into=""en"" data-phrase-index=""0"">Farve: Lyserød</span>\n\n<span class=""JLqJ4b ChMk0b"" data-language-for-alternatives=""da"" data-language-to-translate-into=""en"" data-phrase-index=""2"">Størrelse: H16cm D7-7,5 cm i toppen</span>\n\n<span class=""JLqJ4b ChMk0b"" data-language-for-alternatives=""da"" data-language-to-translate-into=""en"" data-phrase-index=""4"">Materiale: Stentøj</span>\n\nHvert produkt i Oda kollektionen fra Julie Damhus er designet og håndlavet i Danmark. Produkterne er håndglaserede og derfor alle unikke, hvilket gør, at billederne kun er vejledende.\n\nVenligst bemærk at billederne er vejledende."
"Julie Damhus - The Garden Vase (medium, brun)",500,https://www.1x1textil.dk/wp-content/uploads/2021/05/IMG_6146.jpg,"Produkter > - Alle varer, Kunsthåndværkere > Julie Damhus, Kunsthåndværkere > Julie Damhus > Julie Damhus ODA Vaser, Keramik, Keramikvaser, Kunsthåndværkere","Denne smukke The Garden Vase af Julie Damhus giver dig muligheden for på fineste vis, at dekorere dit hjem med smukke blomster. Vasen er lavet med henblik på de mange smukke buketter man kan hente ind fra haven. Med sit enkle og elegante design, er vasen perfekt til en farverig buket blomster. Vaserne fuldender enhver bordopdækning på smukkeste vis.\n\n<span class=""JLqJ4b ChMk0b"" data-language-for-alternatives=""da"" data-language-to-translate-into=""en"" data-phrase-index=""0"">Farve: Brun</span>\n\n<span class=""JLqJ4b ChMk0b"" data-language-for-alternatives=""da"" data-language-to-translate-into=""en"" data-phrase-index=""2"">Størrelse: H16cm D7-7,5 cm i toppen</span>\n\n<span class=""JLqJ4b ChMk0b"" data-language-for-alternatives=""da"" data-language-to-translate-into=""en"" data-phrase-index=""4"">Materiale: Stentøj</span>\n\nHvert produkt i Oda kollektionen fra Julie Damhus er designet og håndlavet i Danmark. Produkterne er håndglaserede og derfor alle unikke, hvilket gør, at billederne kun er vejledende.\n\nVenligst bemærk at billederne er vejledende."
"Julie Damhus - Oda urtepotte - Lille, rose",300,https://www.1x1textil.dk/wp-content/uploads/2021/07/small-flowerpot.jpeg,"Produkter > - Alle varer, Kunsthåndværkere > Julie Damhus, Kunsthåndværkere > Julie Damhus > Julie Damhus ODA Vaser, Keramik, Kunsthåndværkere, Urtepotter","Smuk urtepotte fra Julie Damhus. Urtepotten er lavet, således at den kan stables i de andre urtepotter fra serien. Hvert produkt er designet og håndlavet i Danmark og er unika. Derfor kan farven variere, da hvert produkt er unikt."
"Julie Damhus - Oda urtepotte - Lille, mint",300,https://www.1x1textil.dk/wp-content/uploads/2021/07/small-flowerpot-mint.jpeg,"Produkter > - Alle varer, Kunsthåndværkere > Julie Damhus, Kunsthåndværkere > Julie Damhus > Julie Damhus ODA Vaser, Keramik, Kunsthåndværkere, Urtepotter","Smuk urtepotte fra Julie Damhus. Urtepotten er lavet, således at den kan stables i de andre urtepotter fra serien. Hvert produkt er designet og håndlavet i Danmark og er unika. Derfor kan farven variere, da hvert produkt er unikt."
"Julie Damhus - Oda urtepotte - Stor, mint",500,https://www.1x1textil.dk/wp-content/uploads/2021/07/large-flowerpot-mint.jpeg,"Produkter > - Alle varer, Kunsthåndværkere > Julie Damhus, Kunsthåndværkere > Julie Damhus > Julie Damhus ODA Vaser, Keramik, Kunsthåndværkere, Urtepotter","Smuk urtepotte fra Julie Damhus. Urtepotten er lavet, således at den kan stables i de andre urtepotter fra serien. Hvert produkt er designet og håndlavet i Danmark og er unika. Derfor kan farven variere, da hvert produkt er unikt."
"Julie Damhus - Oda Urtepotte - Stor, blå",500,https://www.1x1textil.dk/wp-content/uploads/2021/07/large-flowerpot-blue.jpeg,"Produkter > - Alle varer, Kunsthåndværkere > Julie Damhus, Kunsthåndværkere > Julie Damhus > Julie Damhus ODA Vaser, Keramik, Kunsthåndværkere, Urtepotter","Smuk urtepotte fra Julie Damhus. Urtepotten er lavet, således at den kan stables i de andre urtepotter fra serien. Hvert produkt er designet og håndlavet i Danmark og er unika. Derfor kan farven variere, da hvert produkt er unikt."
"Julie Damhus - Oda urtepotte - Large, rose",500,https://www.1x1textil.dk/wp-content/uploads/2021/07/DSCF4722.jpeg,"Produkter > - Alle varer, Kunsthåndværkere > Julie Damhus, Kunsthåndværkere > Julie Damhus > Julie Damhus ODA Vaser, Keramik, Kunsthåndværkere, Urtepotter","Smuk urtepotte fra Julie Damhus. Urtepotten er lavet, således at den kan stables i de andre urtepotter fra serien. Hvert produkt er designet og håndlavet i Danmark og er unika. Derfor kan farven variere, da hvert produkt er unikt."
Julie Damhus - TOTO tallerken mellem (blå),275,"https://www.1x1textil.dk/wp-content/uploads/2021/12/Julie_Damhus_Toto_Tallerken_Blaa_1.jpg, https://www.1x1textil.dk/wp-content/uploads/2020/10/Julie_Damhus_Toto_Kollektionen_7.jpg, https://www.1x1textil.dk/wp-content/uploads/2021/12/Julie_Damhus_Toto_Tallerkener_Blaa_20.jpg, https://www.1x1textil.dk/wp-content/uploads/2021/12/Julie_Damhus_Toto_Tallerkener_Blaa_25.jpg, https://www.1x1textil.dk/wp-content/uploads/2020/10/Julie_Damhus_Toto_Kop_Blaa_6.jpg","Produkter > - Alle varer, Kunsthåndværkere > Julie Damhus, Kunsthåndværkere > Julie Damhus > Julie Damhus TOTO Tallerken, Keramik, Kunsthåndværkere, Tallerkener","<div class=""et_pb_module et_pb_wc_description et_pb_wc_description_0_tb_body et_pb_bg_layout_light et_pb_text_align_left"">\n<div class=""et_pb_module_inner"">\n\nToto serien er lavet med stor kærlighed til keramik og funktionalitet, og du kan nemt blande den med Oda-samlingen. Hver vare er dansk design og fremstillet på et værksted i Polen. Med sit minimalistiske design og smukt varierende glasur har koppen et helt unikt udtryk.\nFarven kan variere fra billedet. Fotos er kun vejledende, da hvert element er unikt.\n\nMed sin smukke minimalistiske silhuet, har tallerknen et fint æstetisk udtryk. Toto tallerknen har den perfekte størrelse til hovedretten eller som serveringsfad. Tallerkenerne er lavet så de er gode at stable.\n<div class=""et_pb_module et_pb_text et_pb_text_0_tb_body et_pb_text_align_left et_pb_bg_layout_light"">\n<div class=""et_pb_text_inner"">\n<div class=""woocommerce et-dynamic-content-woo et-dynamic-content-woo--product_description"">\n<div class=""et_pb_module et_pb_text et_pb_text_0_tb_body et_pb_text_align_left et_pb_bg_layout_light"">\n<div class=""et_pb_text_inner"">\n<div class=""woocommerce et-dynamic-content-woo et-dynamic-content-woo--product_description"">\n<div class=""et_pb_module et_pb_text et_pb_text_0_tb_body et_pb_text_align_left et_pb_bg_layout_light"">\n<div class=""et_pb_text_inner"">\n<div class=""woocommerce et-dynamic-content-woo et-dynamic-content-woo--product_description"">\n\nMateriale: stentøj.\nHøjde 2 cm. / Diameteren 21,5 cm.\n\nTåler opvaskemaskine.\n\n</div>\n</div>\n</div>\n</div>\n</div>\n</div>\n</div>\n</div>\n</div>\nBemærk at prisen er pr. stk.\n\nTil hver enkelt ordre bliver kunsthåndværket og keramikken som udgangspunkt særligt udvalgt og sammensat efter Helene Vonsilds ekspertise.\nMen man er selvfølgelig altid velkommen til at <a href=""https://www.1x1textil.dk/kontakt-os/"" target=""_blank"" rel=""noopener noreferrer"">kontakte butikken</a>, hvis man har særlige ønsker, hvor Helene vil være behjælpelig med personlig betjening pr. mail eller telefon.\n\n</div>\n</div>"
Julie Damhus - TOTO tallerken mellem (brun),275,"https://www.1x1textil.dk/wp-content/uploads/2021/12/Julie_Damhus_Toto_Tallerken_Brun_1.jpg, https://www.1x1textil.dk/wp-content/uploads/2020/10/Julie_Damhus_Toto_Kollektionen_7.jpg, https://www.1x1textil.dk/wp-content/uploads/2021/12/Julie_Damhus_Toto_Kop_Mint_21.jpg, https://www.1x1textil.dk/wp-content/uploads/2021/12/Julie_Damhus_Toto_Tallerkener_Brun_5.jpg, https://www.1x1textil.dk/wp-content/uploads/2021/12/Julie_Damhus_Toto_Tallerkener_Brun_6.jpg","Produkter > - Alle varer, Kunsthåndværkere > Julie Damhus, Kunsthåndværkere > Julie Damhus > Julie Damhus TOTO Tallerken, Keramik, Kunsthåndværkere, Tallerkener","<div class=""et_pb_module et_pb_wc_description et_pb_wc_description_0_tb_body et_pb_bg_layout_light et_pb_text_align_left"">\n<div class=""et_pb_module_inner"">\n\nToto serien er lavet med stor kærlighed til keramik og funktionalitet, og du kan nemt blande den med Oda-samlingen. Hver vare er dansk design og fremstillet på et værksted i Polen. Med sit minimalistiske design og smukt varierende glasur har koppen et helt unikt udtryk.\nFarven kan variere fra billedet. Fotos er kun vejledende, da hvert element er unikt.\n\nMed sin smukke minimalistiske silhuet, har tallerknen et fint æstetisk udtryk. Toto tallerknen har den perfekte størrelse til hovedretten eller som serveringsfad. Tallerkenerne er lavet så de er gode at stable.\n<div class=""et_pb_module et_pb_text et_pb_text_0_tb_body et_pb_text_align_left et_pb_bg_layout_light"">\n<div class=""et_pb_text_inner"">\n<div class=""woocommerce et-dynamic-content-woo et-dynamic-content-woo--product_description"">\n<div class=""et_pb_module et_pb_text et_pb_text_0_tb_body et_pb_text_align_left et_pb_bg_layout_light"">\n<div class=""et_pb_text_inner"">\n<div class=""woocommerce et-dynamic-content-woo et-dynamic-content-woo--product_description"">\n<div class=""et_pb_module et_pb_text et_pb_text_0_tb_body et_pb_text_align_left et_pb_bg_layout_light"">\n<div class=""et_pb_text_inner"">\n<div class=""woocommerce et-dynamic-content-woo et-dynamic-content-woo--product_description"">\n\nMateriale: stentøj.\nHøjde 2 cm. / Diameteren 21,5 cm.\n\nTåler opvaskemaskine.\n\n</div>\n</div>\n</div>\n</div>\n</div>\n</div>\n</div>\n</div>\n</div>\nBemærk at prisen er pr. stk.\n\nTil hver enkelt ordre bliver kunsthåndværket og keramikken som udgangspunkt særligt udvalgt og sammensat efter Helene Vonsilds ekspertise.\nMen man er selvfølgelig altid velkommen til at <a href=""https://www.1x1textil.dk/kontakt-os/"" target=""_blank"" rel=""noopener noreferrer"">kontakte butikken</a>, hvis man har særlige ønsker, hvor Helene vil være behjælpelig med personlig betjening pr. mail eller telefon.\n\n</div>\n</div>"
